LogID,EmployeeID,CourseName,Status,CompletionDate
900001,1,Cyber Security Essentials 2024,Overdue,
900002,2,Cyber Security Essentials 2024,Completed,2025-11-06
900003,3,Cyber Security Essentials 2024,Overdue,
900004,4,Cyber Security Essentials 2024,Overdue,
900005,5,Cyber Security Essentials 2024,Completed,2025-04-04
900006,6,Cyber Security Essentials 2024,Completed,2026-02-03
900007,7,Cyber Security Essentials 2024,Completed,2025-09-07
900008,8,Cyber Security Essentials 2024,Completed,2025-09-29
900009,9,Cyber Security Essentials 2024,Completed,2026-01-10
900010,10,Cyber Security Essentials 2024,Completed,2025-05-25
900011,11,Cyber Security Essentials 2024,Completed,2025-05-12
900012,12,Cyber Security Essentials 2024,Completed,2025-10-23
900013,13,Cyber Security Essentials 2024,Completed,2025-07-24
900014,14,Cyber Security Essentials 2024,Completed,2025-09-11
900015,15,Cyber Security Essentials 2024,Completed,2025-04-21
900016,16,Cyber Security Essentials 2024,Completed,2025-07-08
900017,17,Cyber Security Essentials 2024,Completed,2026-02-03
900018,18,Cyber Security Essentials 2024,Completed,2025-05-07
900019,19,Cyber Security Essentials 2024,Completed,2025-10-06
900020,20,Cyber Security Essentials 2024,Overdue,
900021,21,Cyber Security Essentials 2024,Completed,2025-04-23
900022,22,Cyber Security Essentials 2024,In Progress,
900023,23,Cyber Security Essentials 2024,In Progress,
900024,24,Cyber Security Essentials 2024,Completed,2025-04-07
900025,25,Cyber Security Essentials 2024,Completed,2025-11-01
900026,26,Cyber Security Essentials 2024,Completed,2025-05-20
900027,27,Cyber Security Essentials 2024,In Progress,
900028,28,Cyber Security Essentials 2024,Completed,2025-11-29
900029,29,Cyber Security Essentials 2024,Completed,2025-06-08
900030,30,Cyber Security Essentials 2024,Completed,2025-06-24
900031,31,Cyber Security Essentials 2024,Completed,2026-03-12
900032,32,Cyber Security Essentials 2024,Completed,2026-01-06
900033,33,Cyber Security Essentials 2024,Completed,2026-03-10
900034,34,Cyber Security Essentials 2024,Completed,2025-09-24
900035,35,Cyber Security Essentials 2024,Completed,2025-10-15
900036,36,Cyber Security Essentials 2024,Completed,2025-12-22
900037,37,Cyber Security Essentials 2024,In Progress,
900038,38,Cyber Security Essentials 2024,Completed,2026-03-24
900039,39,Cyber Security Essentials 2024,Completed,2026-01-17
900040,40,Cyber Security Essentials 2024,Completed,2026-03-20
900041,41,Cyber Security Essentials 2024,Completed,2025-08-27
900042,42,Cyber Security Essentials 2024,Completed,2025-08-13
900043,43,Cyber Security Essentials 2024,Completed,2025-08-09
900044,44,Cyber Security Essentials 2024,Completed,2025-08-06
900045,45,Cyber Security Essentials 2024,Completed,2025-11-04
900046,46,Cyber Security Essentials 2024,Completed,2025-04-02
900047,47,Cyber Security Essentials 2024,Completed,2025-09-29
900048,48,Cyber Security Essentials 2024,In Progress,
900049,49,Cyber Security Essentials 2024,Completed,2026-01-27
900050,50,Cyber Security Essentials 2024,Completed,2026-03-11
900051,51,Cyber Security Essentials 2024,Completed,2025-07-25
900052,52,Cyber Security Essentials 2024,Completed,2025-06-18
900053,53,Cyber Security Essentials 2024,Completed,2025-11-24
900054,54,Cyber Security Essentials 2024,In Progress,
900055,55,Cyber Security Essentials 2024,Completed,2025-10-19
900056,56,Cyber Security Essentials 2024,In Progress,
900057,57,Cyber Security Essentials 2024,In Progress,
900058,58,Cyber Security Essentials 2024,Completed,2025-04-07
900059,59,Cyber Security Essentials 2024,Completed,2025-08-19
900060,60,Cyber Security Essentials 2024,Completed,2025-11-29
900061,61,Cyber Security Essentials 2024,Completed,2026-01-31
900062,62,Cyber Security Essentials 2024,Completed,2025-11-22
900063,63,Cyber Security Essentials 2024,Completed,2026-03-14
900064,64,Cyber Security Essentials 2024,Completed,2025-05-31
900065,65,Cyber Security Essentials 2024,Completed,2025-04-12
900066,66,Cyber Security Essentials 2024,Completed,2025-12-06
900067,67,Cyber Security Essentials 2024,In Progress,
900068,68,Cyber Security Essentials 2024,Completed,2025-05-12
900069,69,Cyber Security Essentials 2024,Completed,2025-05-20
900070,70,Cyber Security Essentials 2024,Completed,2025-11-24
900071,71,Cyber Security Essentials 2024,Overdue,
900072,72,Cyber Security Essentials 2024,Completed,2026-02-12
900073,73,Cyber Security Essentials 2024,Completed,2025-12-24
900074,74,Cyber Security Essentials 2024,Completed,2025-04-04
900075,75,Cyber Security Essentials 2024,Completed,2025-09-12
900076,76,Cyber Security Essentials 2024,Completed,2025-12-27
900077,77,Cyber Security Essentials 2024,Completed,2025-09-20
900078,78,Cyber Security Essentials 2024,Overdue,
900079,79,Cyber Security Essentials 2024,In Progress,
900080,80,Cyber Security Essentials 2024,Completed,2025-12-08
900081,81,Cyber Security Essentials 2024,Completed,2025-08-12
900082,82,Cyber Security Essentials 2024,Completed,2025-11-29
900083,83,Cyber Security Essentials 2024,Completed,2025-10-02
900084,84,Cyber Security Essentials 2024,Completed,2025-12-05
900085,85,Cyber Security Essentials 2024,In Progress,
900086,86,Cyber Security Essentials 2024,Overdue,
900087,87,Cyber Security Essentials 2024,In Progress,
900088,88,Cyber Security Essentials 2024,Completed,2025-10-12
900089,89,Cyber Security Essentials 2024,In Progress,
900090,90,Cyber Security Essentials 2024,Completed,2025-11-05
900091,91,Cyber Security Essentials 2024,Completed,2026-01-29
900092,92,Cyber Security Essentials 2024,In Progress,
900093,93,Cyber Security Essentials 2024,Completed,2025-10-22
900094,94,Cyber Security Essentials 2024,Completed,2025-09-25
900095,95,Cyber Security Essentials 2024,Completed,2025-11-21
900096,96,Cyber Security Essentials 2024,Completed,2025-10-22
900097,97,Cyber Security Essentials 2024,In Progress,
900098,98,Cyber Security Essentials 2024,Completed,2026-01-16
900099,99,Cyber Security Essentials 2024,In Progress,
900100,100,Cyber Security Essentials 2024,Completed,2025-06-17
900101,101,Cyber Security Essentials 2024,Completed,2025-09-29
900102,102,Cyber Security Essentials 2024,Completed,2025-09-06
900103,103,Cyber Security Essentials 2024,Completed,2025-09-08
900104,104,Cyber Security Essentials 2024,Completed,2025-04-06
900105,105,Cyber Security Essentials 2024,Completed,2025-06-26
900106,106,Cyber Security Essentials 2024,Completed,2025-03-29
900107,107,Cyber Security Essentials 2024,Completed,2025-11-23
900108,108,Cyber Security Essentials 2024,Overdue,
900109,109,Cyber Security Essentials 2024,In Progress,
900110,110,Cyber Security Essentials 2024,Completed,2025-05-19
900111,111,Cyber Security Essentials 2024,Completed,2025-09-06
900112,112,Cyber Security Essentials 2024,In Progress,
900113,113,Cyber Security Essentials 2024,Completed,2025-04-26
900114,114,Cyber Security Essentials 2024,Overdue,
900115,115,Cyber Security Essentials 2024,Completed,2025-11-27
900116,116,Cyber Security Essentials 2024,Completed,2025-11-22
900117,117,Cyber Security Essentials 2024,Completed,2025-10-30
900118,118,Cyber Security Essentials 2024,In Progress,
900119,119,Cyber Security Essentials 2024,In Progress,
900120,120,Cyber Security Essentials 2024,Completed,2025-05-06
900121,121,Cyber Security Essentials 2024,Completed,2026-01-16
900122,122,Cyber Security Essentials 2024,Completed,2026-01-31
900123,123,Cyber Security Essentials 2024,Completed,2025-11-30
900124,124,Cyber Security Essentials 2024,Completed,2026-02-11
900125,125,Cyber Security Essentials 2024,Completed,2025-04-24
900126,126,Cyber Security Essentials 2024,Completed,2025-05-07
900127,127,Cyber Security Essentials 2024,Completed,2026-02-27
900128,128,Cyber Security Essentials 2024,In Progress,
900129,129,Cyber Security Essentials 2024,Completed,2025-11-17
900130,130,Cyber Security Essentials 2024,In Progress,
900131,131,Cyber Security Essentials 2024,Completed,2026-01-13
900132,132,Cyber Security Essentials 2024,Overdue,
900133,133,Cyber Security Essentials 2024,Completed,2025-06-18
900134,134,Cyber Security Essentials 2024,Completed,2025-07-22
900135,135,Cyber Security Essentials 2024,Completed,2026-02-07
900136,136,Cyber Security Essentials 2024,Completed,2025-11-08
900137,137,Cyber Security Essentials 2024,Completed,2025-06-03
900138,138,Cyber Security Essentials 2024,Completed,2025-07-01
900139,139,Cyber Security Essentials 2024,Completed,2025-08-02
900140,140,Cyber Security Essentials 2024,Completed,2025-05-18
900141,141,Cyber Security Essentials 2024,Completed,2025-07-10
900142,142,Cyber Security Essentials 2024,Completed,2025-11-03
900143,143,Cyber Security Essentials 2024,Overdue,
900144,144,Cyber Security Essentials 2024,In Progress,
900145,145,Cyber Security Essentials 2024,Completed,2025-03-27
900146,146,Cyber Security Essentials 2024,Completed,2025-12-22
900147,147,Cyber Security Essentials 2024,Overdue,
900148,148,Cyber Security Essentials 2024,Completed,2025-08-29
900149,149,Cyber Security Essentials 2024,Completed,2025-11-08
900150,150,Cyber Security Essentials 2024,Completed,2025-05-02
900151,151,Cyber Security Essentials 2024,Completed,2026-01-29
900152,152,Cyber Security Essentials 2024,Completed,2025-08-17
900153,153,Cyber Security Essentials 2024,Completed,2026-01-28
900154,154,Cyber Security Essentials 2024,Completed,2025-08-06
900155,155,Cyber Security Essentials 2024,Completed,2025-07-13
900156,156,Cyber Security Essentials 2024,Completed,2025-09-09
900157,157,Cyber Security Essentials 2024,In Progress,
900158,158,Cyber Security Essentials 2024,In Progress,
900159,159,Cyber Security Essentials 2024,Completed,2025-04-17
900160,160,Cyber Security Essentials 2024,Overdue,
900161,161,Cyber Security Essentials 2024,In Progress,
900162,162,Cyber Security Essentials 2024,In Progress,
900163,163,Cyber Security Essentials 2024,Completed,2025-11-18
900164,164,Cyber Security Essentials 2024,Completed,2025-05-29
900165,165,Cyber Security Essentials 2024,Completed,2025-04-30
900166,166,Cyber Security Essentials 2024,Overdue,
900167,167,Cyber Security Essentials 2024,Completed,2025-05-04
900168,168,Cyber Security Essentials 2024,In Progress,
900169,169,Cyber Security Essentials 2024,Overdue,
900170,170,Cyber Security Essentials 2024,In Progress,
900171,171,Cyber Security Essentials 2024,Completed,2026-03-01
900172,172,Cyber Security Essentials 2024,Overdue,
900173,173,Cyber Security Essentials 2024,Overdue,
900174,174,Cyber Security Essentials 2024,In Progress,
900175,175,Cyber Security Essentials 2024,Completed,2025-10-12
900176,176,Cyber Security Essentials 2024,Completed,2026-01-21
900177,177,Cyber Security Essentials 2024,Completed,2025-05-17
900178,178,Cyber Security Essentials 2024,Completed,2025-04-24
900179,179,Cyber Security Essentials 2024,Completed,2025-10-18
900180,180,Cyber Security Essentials 2024,Completed,2025-11-28
900181,181,Cyber Security Essentials 2024,Completed,2025-05-31
900182,182,Cyber Security Essentials 2024,Completed,2025-11-09
900183,183,Cyber Security Essentials 2024,Completed,2026-03-14
900184,184,Cyber Security Essentials 2024,Completed,2025-05-19
900185,185,Cyber Security Essentials 2024,Completed,2025-12-23
900186,186,Cyber Security Essentials 2024,In Progress,
900187,187,Cyber Security Essentials 2024,Completed,2025-06-21
900188,188,Cyber Security Essentials 2024,Completed,2025-10-20
900189,189,Cyber Security Essentials 2024,Completed,2025-08-26
900190,190,Cyber Security Essentials 2024,In Progress,
900191,191,Cyber Security Essentials 2024,Completed,2025-10-21
900192,192,Cyber Security Essentials 2024,Overdue,
900193,193,Cyber Security Essentials 2024,Completed,2025-08-09
900194,194,Cyber Security Essentials 2024,Completed,2026-01-16
900195,195,Cyber Security Essentials 2024,In Progress,
900196,196,Cyber Security Essentials 2024,Completed,2025-08-06
900197,197,Cyber Security Essentials 2024,Completed,2025-10-07
900198,198,Cyber Security Essentials 2024,Completed,2026-01-25
900199,199,Cyber Security Essentials 2024,Completed,2025-05-08
900200,200,Cyber Security Essentials 2024,Completed,2026-02-26
900201,201,Cyber Security Essentials 2024,Completed,2026-02-02
900202,202,Cyber Security Essentials 2024,In Progress,
900203,203,Cyber Security Essentials 2024,Completed,2025-11-23
900204,204,Cyber Security Essentials 2024,Completed,2025-10-21
900205,205,Cyber Security Essentials 2024,Completed,2025-08-01
900206,206,Cyber Security Essentials 2024,Completed,2025-04-05
900207,207,Cyber Security Essentials 2024,In Progress,
900208,208,Cyber Security Essentials 2024,Completed,2025-10-29
900209,209,Cyber Security Essentials 2024,Overdue,
900210,210,Cyber Security Essentials 2024,Completed,2025-07-19
900211,211,Cyber Security Essentials 2024,In Progress,
900212,212,Cyber Security Essentials 2024,Completed,2025-12-30
900213,213,Cyber Security Essentials 2024,Completed,2025-11-08
900214,214,Cyber Security Essentials 2024,Completed,2025-11-26
900215,215,Cyber Security Essentials 2024,Completed,2025-08-24
900216,216,Cyber Security Essentials 2024,In Progress,
900217,217,Cyber Security Essentials 2024,Completed,2025-07-26
900218,218,Cyber Security Essentials 2024,Completed,2025-04-21
900219,219,Cyber Security Essentials 2024,Completed,2025-06-26
900220,220,Cyber Security Essentials 2024,Completed,2025-08-18
900221,221,Cyber Security Essentials 2024,In Progress,
900222,222,Cyber Security Essentials 2024,Completed,2026-01-29
900223,223,Cyber Security Essentials 2024,Completed,2026-02-11
900224,224,Cyber Security Essentials 2024,Completed,2025-04-11
900225,225,Cyber Security Essentials 2024,In Progress,
900226,226,Cyber Security Essentials 2024,Overdue,
900227,227,Cyber Security Essentials 2024,Completed,2025-09-17
900228,228,Cyber Security Essentials 2024,Completed,2025-08-13
900229,229,Cyber Security Essentials 2024,In Progress,
900230,230,Cyber Security Essentials 2024,Completed,2025-08-16
900231,231,Cyber Security Essentials 2024,Completed,2025-11-13
900232,232,Cyber Security Essentials 2024,Completed,2025-12-12
900233,233,Cyber Security Essentials 2024,Completed,2026-02-06
900234,234,Cyber Security Essentials 2024,Completed,2026-03-25
900235,235,Cyber Security Essentials 2024,Overdue,
900236,236,Cyber Security Essentials 2024,In Progress,
900237,237,Cyber Security Essentials 2024,Completed,2025-04-13
900238,238,Cyber Security Essentials 2024,In Progress,
900239,239,Cyber Security Essentials 2024,Completed,2026-02-19
900240,240,Cyber Security Essentials 2024,Completed,2025-08-15
900241,241,Cyber Security Essentials 2024,In Progress,
900242,242,Cyber Security Essentials 2024,Completed,2025-05-12
900243,243,Cyber Security Essentials 2024,Overdue,
900244,244,Cyber Security Essentials 2024,Completed,2025-03-27
900245,245,Cyber Security Essentials 2024,Completed,2025-12-23
900246,246,Cyber Security Essentials 2024,Completed,2025-03-31
900247,247,Cyber Security Essentials 2024,Completed,2025-09-10
900248,248,Cyber Security Essentials 2024,Completed,2025-08-11
900249,249,Cyber Security Essentials 2024,Completed,2025-06-01
900250,250,Cyber Security Essentials 2024,Completed,2026-02-22
900251,251,Cyber Security Essentials 2024,Completed,2025-12-17
900252,252,Cyber Security Essentials 2024,Completed,2025-04-06
900253,253,Cyber Security Essentials 2024,In Progress,
900254,254,Cyber Security Essentials 2024,Completed,2025-12-31
900255,255,Cyber Security Essentials 2024,Completed,2025-10-18
900256,256,Cyber Security Essentials 2024,Completed,2025-11-14
900257,257,Cyber Security Essentials 2024,Overdue,
900258,258,Cyber Security Essentials 2024,Completed,2025-04-17
900259,259,Cyber Security Essentials 2024,In Progress,
900260,260,Cyber Security Essentials 2024,In Progress,
900261,261,Cyber Security Essentials 2024,Completed,2025-04-07
900262,262,Cyber Security Essentials 2024,In Progress,
900263,263,Cyber Security Essentials 2024,Completed,2026-03-03
900264,264,Cyber Security Essentials 2024,Overdue,
900265,265,Cyber Security Essentials 2024,Completed,2025-04-20
900266,266,Cyber Security Essentials 2024,Completed,2025-10-29
900267,267,Cyber Security Essentials 2024,Completed,2025-08-05
900268,268,Cyber Security Essentials 2024,In Progress,
900269,269,Cyber Security Essentials 2024,In Progress,
900270,270,Cyber Security Essentials 2024,Completed,2025-10-18
900271,271,Cyber Security Essentials 2024,Completed,2025-12-23
900272,272,Cyber Security Essentials 2024,In Progress,
900273,273,Cyber Security Essentials 2024,Completed,2025-12-01
900274,274,Cyber Security Essentials 2024,Completed,2026-02-08
900275,275,Cyber Security Essentials 2024,Completed,2026-02-15
900276,276,Cyber Security Essentials 2024,Completed,2025-09-03
900277,277,Cyber Security Essentials 2024,Completed,2026-01-28
900278,278,Cyber Security Essentials 2024,Completed,2025-04-16
900279,279,Cyber Security Essentials 2024,In Progress,
900280,280,Cyber Security Essentials 2024,Completed,2026-03-06
900281,281,Cyber Security Essentials 2024,Completed,2025-06-01
900282,282,Cyber Security Essentials 2024,Completed,2025-07-25
900283,283,Cyber Security Essentials 2024,Completed,2025-07-26
900284,284,Cyber Security Essentials 2024,In Progress,
900285,285,Cyber Security Essentials 2024,Completed,2025-08-28
900286,286,Cyber Security Essentials 2024,Completed,2026-03-01
900287,287,Cyber Security Essentials 2024,Completed,2026-02-24
900288,288,Cyber Security Essentials 2024,Completed,2025-11-01
900289,289,Cyber Security Essentials 2024,In Progress,
900290,290,Cyber Security Essentials 2024,Completed,2025-12-08
900291,291,Cyber Security Essentials 2024,Completed,2026-02-14
900292,292,Cyber Security Essentials 2024,In Progress,
900293,293,Cyber Security Essentials 2024,Completed,2026-01-03
900294,294,Cyber Security Essentials 2024,Completed,2025-12-24
900295,295,Cyber Security Essentials 2024,Completed,2026-02-05
900296,296,Cyber Security Essentials 2024,Completed,2025-06-22
900297,297,Cyber Security Essentials 2024,Completed,2025-05-03
900298,298,Cyber Security Essentials 2024,Completed,2025-11-12
900299,299,Cyber Security Essentials 2024,Completed,2026-01-09
900300,300,Cyber Security Essentials 2024,In Progress,
900301,301,Cyber Security Essentials 2024,Completed,2025-10-23
900302,302,Cyber Security Essentials 2024,Completed,2025-09-01
900303,303,Cyber Security Essentials 2024,In Progress,
900304,304,Cyber Security Essentials 2024,In Progress,
900305,305,Cyber Security Essentials 2024,Completed,2026-02-21
900306,306,Cyber Security Essentials 2024,Overdue,
900307,307,Cyber Security Essentials 2024,Completed,2025-12-01
900308,308,Cyber Security Essentials 2024,Completed,2025-07-20
900309,309,Cyber Security Essentials 2024,Completed,2025-12-10
900310,310,Cyber Security Essentials 2024,Completed,2026-03-24
900311,311,Cyber Security Essentials 2024,Completed,2025-05-13
900312,312,Cyber Security Essentials 2024,In Progress,
900313,313,Cyber Security Essentials 2024,Completed,2025-04-10
900314,314,Cyber Security Essentials 2024,In Progress,
900315,315,Cyber Security Essentials 2024,Completed,2025-11-15
900316,316,Cyber Security Essentials 2024,In Progress,
900317,317,Cyber Security Essentials 2024,In Progress,
900318,318,Cyber Security Essentials 2024,In Progress,
900319,319,Cyber Security Essentials 2024,Completed,2025-04-30
900320,320,Cyber Security Essentials 2024,Completed,2025-10-03
900321,321,Cyber Security Essentials 2024,In Progress,
900322,322,Cyber Security Essentials 2024,Completed,2025-07-14
900323,323,Cyber Security Essentials 2024,Completed,2025-08-13
900324,324,Cyber Security Essentials 2024,Completed,2025-10-03
900325,325,Cyber Security Essentials 2024,In Progress,
900326,326,Cyber Security Essentials 2024,Completed,2025-08-12
900327,327,Cyber Security Essentials 2024,Completed,2025-09-23
900328,328,Cyber Security Essentials 2024,Completed,2025-09-04
900329,329,Cyber Security Essentials 2024,Completed,2025-09-16
900330,330,Cyber Security Essentials 2024,Overdue,
900331,331,Cyber Security Essentials 2024,Overdue,
900332,332,Cyber Security Essentials 2024,Completed,2026-01-18
900333,333,Cyber Security Essentials 2024,Completed,2025-12-03
900334,334,Cyber Security Essentials 2024,In Progress,
900335,335,Cyber Security Essentials 2024,Completed,2026-02-19
900336,336,Cyber Security Essentials 2024,Completed,2026-03-22
900337,337,Cyber Security Essentials 2024,Completed,2026-01-26
900338,338,Cyber Security Essentials 2024,Completed,2025-04-13
900339,339,Cyber Security Essentials 2024,Completed,2025-09-19
900340,340,Cyber Security Essentials 2024,Completed,2025-09-05
900341,341,Cyber Security Essentials 2024,Completed,2025-04-07
900342,342,Cyber Security Essentials 2024,Overdue,
900343,343,Cyber Security Essentials 2024,Completed,2025-07-03
900344,344,Cyber Security Essentials 2024,Overdue,
900345,345,Cyber Security Essentials 2024,Completed,2026-02-21
900346,346,Cyber Security Essentials 2024,Completed,2025-04-19
900347,347,Cyber Security Essentials 2024,In Progress,
900348,348,Cyber Security Essentials 2024,Completed,2025-12-12
900349,349,Cyber Security Essentials 2024,Completed,2026-01-21
900350,350,Cyber Security Essentials 2024,In Progress,
900351,351,Cyber Security Essentials 2024,In Progress,
900352,352,Cyber Security Essentials 2024,Completed,2026-01-20
900353,353,Cyber Security Essentials 2024,Completed,2025-12-27
900354,354,Cyber Security Essentials 2024,Completed,2026-03-25
900355,355,Cyber Security Essentials 2024,Completed,2025-07-03
900356,356,Cyber Security Essentials 2024,Completed,2025-05-20
900357,357,Cyber Security Essentials 2024,Completed,2025-11-06
900358,358,Cyber Security Essentials 2024,Completed,2025-09-07
900359,359,Cyber Security Essentials 2024,Overdue,
900360,360,Cyber Security Essentials 2024,Completed,2025-06-08
900361,361,Cyber Security Essentials 2024,Completed,2025-12-21
900362,362,Cyber Security Essentials 2024,Completed,2025-08-19
900363,363,Cyber Security Essentials 2024,Overdue,
900364,364,Cyber Security Essentials 2024,Completed,2025-12-08
900365,365,Cyber Security Essentials 2024,Completed,2025-07-19
900366,366,Cyber Security Essentials 2024,Overdue,
900367,367,Cyber Security Essentials 2024,Overdue,
900368,368,Cyber Security Essentials 2024,Overdue,
900369,369,Cyber Security Essentials 2024,Completed,2026-01-09
900370,370,Cyber Security Essentials 2024,Completed,2025-11-04
900371,371,Cyber Security Essentials 2024,Completed,2025-12-18
900372,372,Cyber Security Essentials 2024,Completed,2026-03-08
900373,373,Cyber Security Essentials 2024,Completed,2025-08-28
900374,374,Cyber Security Essentials 2024,Completed,2025-06-24
900375,375,Cyber Security Essentials 2024,Overdue,
900376,376,Cyber Security Essentials 2024,Completed,2025-05-06
900377,377,Cyber Security Essentials 2024,Completed,2025-08-04
900378,378,Cyber Security Essentials 2024,Overdue,
900379,379,Cyber Security Essentials 2024,Completed,2025-12-10
900380,380,Cyber Security Essentials 2024,Completed,2025-04-12
900381,381,Cyber Security Essentials 2024,Completed,2025-10-30
900382,382,Cyber Security Essentials 2024,In Progress,
900383,383,Cyber Security Essentials 2024,In Progress,
900384,384,Cyber Security Essentials 2024,Completed,2025-11-20
900385,385,Cyber Security Essentials 2024,In Progress,
900386,386,Cyber Security Essentials 2024,Completed,2025-04-30
900387,387,Cyber Security Essentials 2024,Completed,2026-03-24
900388,388,Cyber Security Essentials 2024,Completed,2025-11-20
900389,389,Cyber Security Essentials 2024,Completed,2025-09-13
900390,390,Cyber Security Essentials 2024,Completed,2025-07-01
900391,391,Cyber Security Essentials 2024,In Progress,
900392,392,Cyber Security Essentials 2024,Completed,2025-11-17
900393,393,Cyber Security Essentials 2024,Overdue,
900394,394,Cyber Security Essentials 2024,Completed,2025-09-28
900395,395,Cyber Security Essentials 2024,Completed,2026-01-30
900396,396,Cyber Security Essentials 2024,In Progress,
900397,397,Cyber Security Essentials 2024,Completed,2025-07-28
900398,398,Cyber Security Essentials 2024,Completed,2025-11-30
900399,399,Cyber Security Essentials 2024,In Progress,
900400,400,Cyber Security Essentials 2024,Completed,2025-12-21
900401,401,Cyber Security Essentials 2024,Completed,2025-12-25
900402,402,Cyber Security Essentials 2024,Completed,2025-07-18
900403,403,Cyber Security Essentials 2024,Completed,2026-03-19
900404,404,Cyber Security Essentials 2024,Completed,2025-11-03
900405,405,Cyber Security Essentials 2024,Completed,2025-12-26
900406,406,Cyber Security Essentials 2024,In Progress,
900407,407,Cyber Security Essentials 2024,In Progress,
900408,408,Cyber Security Essentials 2024,Completed,2025-03-30
900409,409,Cyber Security Essentials 2024,In Progress,
900410,410,Cyber Security Essentials 2024,Completed,2026-03-09
900411,411,Cyber Security Essentials 2024,Completed,2025-10-09
900412,412,Cyber Security Essentials 2024,Completed,2025-11-28
900413,413,Cyber Security Essentials 2024,Completed,2025-06-12
900414,414,Cyber Security Essentials 2024,Completed,2025-05-03
900415,415,Cyber Security Essentials 2024,Completed,2025-10-09
900416,416,Cyber Security Essentials 2024,Completed,2025-09-04
900417,417,Cyber Security Essentials 2024,Overdue,
900418,418,Cyber Security Essentials 2024,Completed,2025-05-19
900419,419,Cyber Security Essentials 2024,Completed,2025-11-13
900420,420,Cyber Security Essentials 2024,In Progress,
900421,421,Cyber Security Essentials 2024,Overdue,
900422,422,Cyber Security Essentials 2024,Overdue,
900423,423,Cyber Security Essentials 2024,Overdue,
900424,424,Cyber Security Essentials 2024,Completed,2026-02-12
900425,425,Cyber Security Essentials 2024,Overdue,
900426,426,Cyber Security Essentials 2024,Completed,2026-02-09
900427,427,Cyber Security Essentials 2024,Overdue,
900428,428,Cyber Security Essentials 2024,Completed,2025-04-28
900429,429,Cyber Security Essentials 2024,Completed,2025-07-11
900430,430,Cyber Security Essentials 2024,In Progress,
900431,431,Cyber Security Essentials 2024,Completed,2026-01-01
900432,432,Cyber Security Essentials 2024,Completed,2025-05-25
900433,433,Cyber Security Essentials 2024,Completed,2025-04-27
900434,434,Cyber Security Essentials 2024,Completed,2025-04-24
900435,435,Cyber Security Essentials 2024,Completed,2025-06-02
900436,436,Cyber Security Essentials 2024,Completed,2025-08-16
900437,437,Cyber Security Essentials 2024,Completed,2025-11-17
900438,438,Cyber Security Essentials 2024,Completed,2026-01-27
900439,439,Cyber Security Essentials 2024,Completed,2026-03-06
900440,440,Cyber Security Essentials 2024,Completed,2025-06-18
900441,441,Cyber Security Essentials 2024,In Progress,
900442,442,Cyber Security Essentials 2024,Overdue,
900443,443,Cyber Security Essentials 2024,Overdue,
900444,444,Cyber Security Essentials 2024,Completed,2026-01-18
900445,445,Cyber Security Essentials 2024,Completed,2025-12-10
900446,446,Cyber Security Essentials 2024,Completed,2025-04-04
900447,447,Cyber Security Essentials 2024,In Progress,
900448,448,Cyber Security Essentials 2024,Completed,2025-12-15
900449,449,Cyber Security Essentials 2024,In Progress,
900450,450,Cyber Security Essentials 2024,Completed,2025-08-05
900451,451,Cyber Security Essentials 2024,Completed,2026-02-19
900452,452,Cyber Security Essentials 2024,In Progress,
900453,453,Cyber Security Essentials 2024,Completed,2026-03-22
900454,454,Cyber Security Essentials 2024,In Progress,
900455,455,Cyber Security Essentials 2024,Overdue,
900456,456,Cyber Security Essentials 2024,Completed,2026-03-20
900457,457,Cyber Security Essentials 2024,Completed,2025-07-29
900458,458,Cyber Security Essentials 2024,Completed,2025-12-15
900459,459,Cyber Security Essentials 2024,Completed,2025-11-18
900460,460,Cyber Security Essentials 2024,Completed,2025-05-04
900461,461,Cyber Security Essentials 2024,Completed,2025-04-23
900462,462,Cyber Security Essentials 2024,Completed,2025-07-24
900463,463,Cyber Security Essentials 2024,Completed,2026-01-30
900464,464,Cyber Security Essentials 2024,Completed,2025-11-14
900465,465,Cyber Security Essentials 2024,Completed,2025-11-01
900466,466,Cyber Security Essentials 2024,Completed,2025-12-18
900467,467,Cyber Security Essentials 2024,Overdue,
900468,468,Cyber Security Essentials 2024,Completed,2026-03-24
900469,469,Cyber Security Essentials 2024,Completed,2026-01-01
900470,470,Cyber Security Essentials 2024,Completed,2025-09-09
900471,471,Cyber Security Essentials 2024,Completed,2025-07-06
900472,472,Cyber Security Essentials 2024,In Progress,
900473,473,Cyber Security Essentials 2024,Completed,2025-09-15
900474,474,Cyber Security Essentials 2024,Completed,2026-02-23
900475,475,Cyber Security Essentials 2024,Completed,2025-04-02
900476,476,Cyber Security Essentials 2024,Completed,2025-06-16
900477,477,Cyber Security Essentials 2024,Completed,2025-10-13
900478,478,Cyber Security Essentials 2024,Completed,2026-03-21
900479,479,Cyber Security Essentials 2024,Completed,2025-04-13
900480,480,Cyber Security Essentials 2024,Completed,2025-09-06
900481,481,Cyber Security Essentials 2024,Completed,2025-05-29
900482,482,Cyber Security Essentials 2024,In Progress,
900483,483,Cyber Security Essentials 2024,Completed,2025-07-13
900484,484,Cyber Security Essentials 2024,Overdue,
900485,485,Cyber Security Essentials 2024,Completed,2026-03-06
900486,486,Cyber Security Essentials 2024,Completed,2025-05-25
900487,487,Cyber Security Essentials 2024,In Progress,
900488,488,Cyber Security Essentials 2024,Overdue,
900489,489,Cyber Security Essentials 2024,Completed,2026-01-14
900490,490,Cyber Security Essentials 2024,Completed,2025-04-06
900491,491,Cyber Security Essentials 2024,In Progress,
900492,492,Cyber Security Essentials 2024,Completed,2025-03-27
900493,493,Cyber Security Essentials 2024,Overdue,
900494,494,Cyber Security Essentials 2024,Completed,2025-08-31
900495,495,Cyber Security Essentials 2024,Completed,2026-03-05
900496,496,Cyber Security Essentials 2024,Completed,2025-04-23
900497,497,Cyber Security Essentials 2024,Completed,2025-05-20
900498,498,Cyber Security Essentials 2024,Completed,2025-05-07
900499,499,Cyber Security Essentials 2024,Completed,2025-04-30
900500,500,Cyber Security Essentials 2024,Completed,2025-06-13
900501,501,Cyber Security Essentials 2024,Completed,2025-11-23
900502,502,Cyber Security Essentials 2024,Completed,2025-11-08
900503,503,Cyber Security Essentials 2024,Completed,2025-08-23
900504,504,Cyber Security Essentials 2024,Completed,2026-03-01
900505,505,Cyber Security Essentials 2024,Completed,2025-11-10
900506,506,Cyber Security Essentials 2024,Completed,2025-04-16
900507,507,Cyber Security Essentials 2024,Completed,2025-05-04
900508,508,Cyber Security Essentials 2024,Completed,2025-12-29
900509,509,Cyber Security Essentials 2024,Completed,2025-09-29
900510,510,Cyber Security Essentials 2024,Completed,2025-10-22
900511,511,Cyber Security Essentials 2024,Completed,2025-07-30
900512,512,Cyber Security Essentials 2024,Completed,2025-07-12
900513,513,Cyber Security Essentials 2024,Completed,2025-11-06
900514,514,Cyber Security Essentials 2024,Completed,2025-12-20
900515,515,Cyber Security Essentials 2024,Overdue,
900516,516,Cyber Security Essentials 2024,Completed,2025-11-23
900517,517,Cyber Security Essentials 2024,In Progress,
900518,518,Cyber Security Essentials 2024,Overdue,
900519,519,Cyber Security Essentials 2024,In Progress,
900520,520,Cyber Security Essentials 2024,Completed,2025-10-30
900521,521,Cyber Security Essentials 2024,In Progress,
900522,522,Cyber Security Essentials 2024,Completed,2025-08-21
900523,523,Cyber Security Essentials 2024,Completed,2025-11-07
900524,524,Cyber Security Essentials 2024,Overdue,
900525,525,Cyber Security Essentials 2024,Completed,2025-10-15
900526,526,Cyber Security Essentials 2024,In Progress,
900527,527,Cyber Security Essentials 2024,In Progress,
900528,528,Cyber Security Essentials 2024,Completed,2025-06-14
900529,529,Cyber Security Essentials 2024,Overdue,
900530,530,Cyber Security Essentials 2024,Overdue,
900531,531,Cyber Security Essentials 2024,Overdue,
900532,532,Cyber Security Essentials 2024,Completed,2025-04-24
900533,533,Cyber Security Essentials 2024,In Progress,
900534,534,Cyber Security Essentials 2024,In Progress,
900535,535,Cyber Security Essentials 2024,Completed,2026-01-01
900536,536,Cyber Security Essentials 2024,Completed,2025-12-23
900537,537,Cyber Security Essentials 2024,Overdue,
900538,538,Cyber Security Essentials 2024,Completed,2025-12-16
900539,539,Cyber Security Essentials 2024,In Progress,
900540,540,Cyber Security Essentials 2024,Completed,2025-08-02
900541,541,Cyber Security Essentials 2024,In Progress,
900542,542,Cyber Security Essentials 2024,Completed,2025-06-30
900543,543,Cyber Security Essentials 2024,In Progress,
900544,544,Cyber Security Essentials 2024,Completed,2025-10-18
900545,545,Cyber Security Essentials 2024,Completed,2025-06-14
900546,546,Cyber Security Essentials 2024,In Progress,
900547,547,Cyber Security Essentials 2024,In Progress,
900548,548,Cyber Security Essentials 2024,Completed,2025-12-30
900549,549,Cyber Security Essentials 2024,Completed,2026-01-28
900550,550,Cyber Security Essentials 2024,In Progress,
900551,551,Cyber Security Essentials 2024,Completed,2025-12-27
900552,552,Cyber Security Essentials 2024,Completed,2025-06-11
900553,553,Cyber Security Essentials 2024,Completed,2025-10-06
900554,554,Cyber Security Essentials 2024,Completed,2025-12-26
900555,555,Cyber Security Essentials 2024,Overdue,
900556,556,Cyber Security Essentials 2024,Completed,2025-09-02
900557,557,Cyber Security Essentials 2024,Overdue,
900558,558,Cyber Security Essentials 2024,Completed,2025-06-27
900559,559,Cyber Security Essentials 2024,In Progress,
900560,560,Cyber Security Essentials 2024,In Progress,
900561,561,Cyber Security Essentials 2024,Completed,2025-10-31
900562,562,Cyber Security Essentials 2024,In Progress,
900563,563,Cyber Security Essentials 2024,Completed,2025-04-14
900564,564,Cyber Security Essentials 2024,Completed,2025-04-07
900565,565,Cyber Security Essentials 2024,Completed,2025-06-05
900566,566,Cyber Security Essentials 2024,Completed,2025-07-07
900567,567,Cyber Security Essentials 2024,Completed,2025-03-29
900568,568,Cyber Security Essentials 2024,Completed,2025-08-11
900569,569,Cyber Security Essentials 2024,Completed,2025-08-30
900570,570,Cyber Security Essentials 2024,Completed,2025-07-04
900571,571,Cyber Security Essentials 2024,In Progress,
900572,572,Cyber Security Essentials 2024,In Progress,
900573,573,Cyber Security Essentials 2024,Completed,2025-09-08
900574,574,Cyber Security Essentials 2024,Completed,2025-08-16
900575,575,Cyber Security Essentials 2024,Completed,2026-03-19
900576,576,Cyber Security Essentials 2024,Completed,2025-07-20
900577,577,Cyber Security Essentials 2024,Completed,2025-08-08
900578,578,Cyber Security Essentials 2024,In Progress,
900579,579,Cyber Security Essentials 2024,Completed,2025-05-25
900580,580,Cyber Security Essentials 2024,In Progress,
900581,581,Cyber Security Essentials 2024,Completed,2025-07-25
900582,582,Cyber Security Essentials 2024,Completed,2025-09-29
900583,583,Cyber Security Essentials 2024,In Progress,
900584,584,Cyber Security Essentials 2024,Completed,2025-06-18
900585,585,Cyber Security Essentials 2024,Completed,2025-11-01
900586,586,Cyber Security Essentials 2024,Completed,2025-12-13
900587,587,Cyber Security Essentials 2024,Completed,2025-08-06
900588,588,Cyber Security Essentials 2024,Completed,2025-11-23
900589,589,Cyber Security Essentials 2024,In Progress,
900590,590,Cyber Security Essentials 2024,Completed,2026-01-16
900591,591,Cyber Security Essentials 2024,In Progress,
900592,592,Cyber Security Essentials 2024,Completed,2025-10-15
900593,593,Cyber Security Essentials 2024,Completed,2026-03-19
900594,594,Cyber Security Essentials 2024,In Progress,
900595,595,Cyber Security Essentials 2024,In Progress,
900596,596,Cyber Security Essentials 2024,In Progress,
900597,597,Cyber Security Essentials 2024,Completed,2025-07-29
900598,598,Cyber Security Essentials 2024,Completed,2026-02-06
900599,599,Cyber Security Essentials 2024,Completed,2026-01-17
900600,600,Cyber Security Essentials 2024,In Progress,
900601,601,Cyber Security Essentials 2024,Completed,2025-11-26
900602,602,Cyber Security Essentials 2024,Completed,2025-04-29
900603,603,Cyber Security Essentials 2024,Overdue,
900604,604,Cyber Security Essentials 2024,In Progress,
900605,605,Cyber Security Essentials 2024,Completed,2025-03-26
900606,606,Cyber Security Essentials 2024,Completed,2025-11-14
900607,607,Cyber Security Essentials 2024,Completed,2025-06-04
900608,608,Cyber Security Essentials 2024,Completed,2026-01-28
900609,609,Cyber Security Essentials 2024,Completed,2025-04-01
900610,610,Cyber Security Essentials 2024,Completed,2025-11-25
900611,611,Cyber Security Essentials 2024,Completed,2025-11-30
900612,612,Cyber Security Essentials 2024,In Progress,
900613,613,Cyber Security Essentials 2024,Completed,2025-05-02
900614,614,Cyber Security Essentials 2024,Completed,2026-01-02
900615,615,Cyber Security Essentials 2024,Overdue,
900616,616,Cyber Security Essentials 2024,Completed,2025-05-30
900617,617,Cyber Security Essentials 2024,Completed,2025-07-29
900618,618,Cyber Security Essentials 2024,Completed,2026-03-18
900619,619,Cyber Security Essentials 2024,Completed,2026-02-11
900620,620,Cyber Security Essentials 2024,In Progress,
900621,621,Cyber Security Essentials 2024,Completed,2025-12-23
900622,622,Cyber Security Essentials 2024,In Progress,
900623,623,Cyber Security Essentials 2024,Completed,2025-06-29
900624,624,Cyber Security Essentials 2024,Completed,2026-01-26
900625,625,Cyber Security Essentials 2024,Completed,2025-04-07
900626,626,Cyber Security Essentials 2024,Completed,2025-06-05
900627,627,Cyber Security Essentials 2024,Completed,2025-07-31
900628,628,Cyber Security Essentials 2024,Completed,2025-04-04
900629,629,Cyber Security Essentials 2024,Completed,2025-09-13
900630,630,Cyber Security Essentials 2024,Completed,2025-10-10
900631,631,Cyber Security Essentials 2024,Completed,2025-11-23
900632,632,Cyber Security Essentials 2024,Completed,2026-03-06
900633,633,Cyber Security Essentials 2024,Completed,2025-10-25
900634,634,Cyber Security Essentials 2024,Completed,2025-08-01
900635,635,Cyber Security Essentials 2024,Completed,2025-08-07
900636,636,Cyber Security Essentials 2024,Completed,2025-09-29
900637,637,Cyber Security Essentials 2024,In Progress,
900638,638,Cyber Security Essentials 2024,Overdue,
900639,639,Cyber Security Essentials 2024,Completed,2025-10-27
900640,640,Cyber Security Essentials 2024,Completed,2025-08-22
900641,641,Cyber Security Essentials 2024,In Progress,
900642,642,Cyber Security Essentials 2024,In Progress,
900643,643,Cyber Security Essentials 2024,Completed,2025-05-23
900644,644,Cyber Security Essentials 2024,Completed,2026-03-09
900645,645,Cyber Security Essentials 2024,In Progress,
900646,646,Cyber Security Essentials 2024,Completed,2025-12-17
900647,647,Cyber Security Essentials 2024,Completed,2025-07-25
900648,648,Cyber Security Essentials 2024,Completed,2025-07-02
900649,649,Cyber Security Essentials 2024,In Progress,
900650,650,Cyber Security Essentials 2024,Completed,2025-11-23
900651,651,Cyber Security Essentials 2024,Completed,2025-07-13
900652,652,Cyber Security Essentials 2024,Completed,2026-03-07
900653,653,Cyber Security Essentials 2024,In Progress,
900654,654,Cyber Security Essentials 2024,In Progress,
900655,655,Cyber Security Essentials 2024,Completed,2025-12-06
900656,656,Cyber Security Essentials 2024,Completed,2025-07-01
900657,657,Cyber Security Essentials 2024,Completed,2025-12-14
900658,658,Cyber Security Essentials 2024,Completed,2025-05-07
900659,659,Cyber Security Essentials 2024,Completed,2025-09-10
900660,660,Cyber Security Essentials 2024,Completed,2025-09-10
900661,661,Cyber Security Essentials 2024,Completed,2025-04-26
900662,662,Cyber Security Essentials 2024,Completed,2025-10-10
900663,663,Cyber Security Essentials 2024,Completed,2026-03-23
900664,664,Cyber Security Essentials 2024,Completed,2025-07-31
900665,665,Cyber Security Essentials 2024,Completed,2026-02-12
900666,666,Cyber Security Essentials 2024,Completed,2025-08-23
900667,667,Cyber Security Essentials 2024,Completed,2025-05-24
900668,668,Cyber Security Essentials 2024,Completed,2026-03-19
900669,669,Cyber Security Essentials 2024,Completed,2025-07-07
900670,670,Cyber Security Essentials 2024,Completed,2026-01-10
900671,671,Cyber Security Essentials 2024,Overdue,
900672,672,Cyber Security Essentials 2024,Overdue,
900673,673,Cyber Security Essentials 2024,Completed,2025-05-15
900674,674,Cyber Security Essentials 2024,Completed,2025-05-27
900675,675,Cyber Security Essentials 2024,Completed,2026-01-30
900676,676,Cyber Security Essentials 2024,In Progress,
900677,677,Cyber Security Essentials 2024,Completed,2025-12-17
900678,678,Cyber Security Essentials 2024,Completed,2026-02-22
900679,679,Cyber Security Essentials 2024,Overdue,
900680,680,Cyber Security Essentials 2024,Completed,2025-08-06
900681,681,Cyber Security Essentials 2024,Completed,2025-12-20
900682,682,Cyber Security Essentials 2024,Completed,2026-03-09
900683,683,Cyber Security Essentials 2024,In Progress,
900684,684,Cyber Security Essentials 2024,Completed,2026-02-22
900685,685,Cyber Security Essentials 2024,Completed,2026-02-04
900686,686,Cyber Security Essentials 2024,Overdue,
900687,687,Cyber Security Essentials 2024,In Progress,
900688,688,Cyber Security Essentials 2024,In Progress,
900689,689,Cyber Security Essentials 2024,Completed,2025-04-25
900690,690,Cyber Security Essentials 2024,Completed,2025-03-31
900691,691,Cyber Security Essentials 2024,Overdue,
900692,692,Cyber Security Essentials 2024,In Progress,
900693,693,Cyber Security Essentials 2024,Overdue,
900694,694,Cyber Security Essentials 2024,In Progress,
900695,695,Cyber Security Essentials 2024,Completed,2025-11-16
900696,696,Cyber Security Essentials 2024,Overdue,
900697,697,Cyber Security Essentials 2024,Completed,2025-05-16
900698,698,Cyber Security Essentials 2024,Completed,2025-11-17
900699,699,Cyber Security Essentials 2024,Completed,2025-10-14
900700,700,Cyber Security Essentials 2024,Completed,2025-04-12
900701,701,Cyber Security Essentials 2024,Overdue,
900702,702,Cyber Security Essentials 2024,Overdue,
900703,703,Cyber Security Essentials 2024,Overdue,
900704,704,Cyber Security Essentials 2024,In Progress,
900705,705,Cyber Security Essentials 2024,In Progress,
900706,706,Cyber Security Essentials 2024,Completed,2025-05-29
900707,707,Cyber Security Essentials 2024,Overdue,
900708,708,Cyber Security Essentials 2024,In Progress,
900709,709,Cyber Security Essentials 2024,Completed,2025-05-26
900710,710,Cyber Security Essentials 2024,Completed,2025-08-23
900711,711,Cyber Security Essentials 2024,Completed,2025-09-26
900712,712,Cyber Security Essentials 2024,In Progress,
900713,713,Cyber Security Essentials 2024,Completed,2026-03-01
900714,714,Cyber Security Essentials 2024,Completed,2026-02-10
900715,715,Cyber Security Essentials 2024,In Progress,
900716,716,Cyber Security Essentials 2024,Completed,2025-09-24
900717,717,Cyber Security Essentials 2024,Completed,2025-08-13
900718,718,Cyber Security Essentials 2024,Completed,2025-08-14
900719,719,Cyber Security Essentials 2024,Completed,2026-02-12
900720,720,Cyber Security Essentials 2024,In Progress,
900721,721,Cyber Security Essentials 2024,Completed,2025-04-27
900722,722,Cyber Security Essentials 2024,Overdue,
900723,723,Cyber Security Essentials 2024,Completed,2025-10-09
900724,724,Cyber Security Essentials 2024,Completed,2025-05-28
900725,725,Cyber Security Essentials 2024,Overdue,
900726,726,Cyber Security Essentials 2024,Completed,2026-02-09
900727,727,Cyber Security Essentials 2024,Completed,2026-02-07
900728,728,Cyber Security Essentials 2024,Completed,2026-02-07
900729,729,Cyber Security Essentials 2024,Completed,2026-01-25
900730,730,Cyber Security Essentials 2024,Completed,2026-03-19
900731,731,Cyber Security Essentials 2024,Completed,2025-12-22
900732,732,Cyber Security Essentials 2024,Completed,2026-01-19
900733,733,Cyber Security Essentials 2024,Completed,2025-06-16
900734,734,Cyber Security Essentials 2024,Completed,2025-09-03
900735,735,Cyber Security Essentials 2024,Completed,2025-04-05
900736,736,Cyber Security Essentials 2024,In Progress,
900737,737,Cyber Security Essentials 2024,Completed,2025-08-26
900738,738,Cyber Security Essentials 2024,Completed,2025-07-30
900739,739,Cyber Security Essentials 2024,Completed,2025-10-12
900740,740,Cyber Security Essentials 2024,Completed,2025-04-04
900741,741,Cyber Security Essentials 2024,Completed,2025-05-21
900742,742,Cyber Security Essentials 2024,In Progress,
900743,743,Cyber Security Essentials 2024,Completed,2026-02-16
900744,744,Cyber Security Essentials 2024,In Progress,
900745,745,Cyber Security Essentials 2024,Completed,2025-04-23
900746,746,Cyber Security Essentials 2024,Completed,2025-07-26
900747,747,Cyber Security Essentials 2024,In Progress,
900748,748,Cyber Security Essentials 2024,In Progress,
900749,749,Cyber Security Essentials 2024,In Progress,
900750,750,Cyber Security Essentials 2024,Completed,2025-08-14
900751,751,Cyber Security Essentials 2024,Completed,2026-03-07
900752,752,Cyber Security Essentials 2024,Completed,2025-07-19
900753,753,Cyber Security Essentials 2024,In Progress,
900754,754,Cyber Security Essentials 2024,Overdue,
900755,755,Cyber Security Essentials 2024,Completed,2025-03-31
900756,756,Cyber Security Essentials 2024,In Progress,
900757,757,Cyber Security Essentials 2024,Completed,2026-02-27
900758,758,Cyber Security Essentials 2024,Completed,2025-07-01
900759,759,Cyber Security Essentials 2024,Completed,2025-12-04
900760,760,Cyber Security Essentials 2024,Completed,2025-05-28
900761,761,Cyber Security Essentials 2024,Completed,2025-12-27
900762,762,Cyber Security Essentials 2024,Completed,2025-11-06
900763,763,Cyber Security Essentials 2024,Overdue,
900764,764,Cyber Security Essentials 2024,Completed,2025-12-26
900765,765,Cyber Security Essentials 2024,In Progress,
900766,766,Cyber Security Essentials 2024,Overdue,
900767,767,Cyber Security Essentials 2024,Completed,2025-03-27
900768,768,Cyber Security Essentials 2024,Completed,2025-10-17
900769,769,Cyber Security Essentials 2024,Completed,2025-08-23
900770,770,Cyber Security Essentials 2024,Overdue,
900771,771,Cyber Security Essentials 2024,Completed,2026-01-06
900772,772,Cyber Security Essentials 2024,Completed,2025-09-12
900773,773,Cyber Security Essentials 2024,In Progress,
900774,774,Cyber Security Essentials 2024,Completed,2025-04-12
900775,775,Cyber Security Essentials 2024,In Progress,
900776,776,Cyber Security Essentials 2024,Completed,2025-12-07
900777,777,Cyber Security Essentials 2024,In Progress,
900778,778,Cyber Security Essentials 2024,In Progress,
900779,779,Cyber Security Essentials 2024,Completed,2026-03-04
900780,780,Cyber Security Essentials 2024,Completed,2025-07-27
900781,781,Cyber Security Essentials 2024,Completed,2026-03-09
900782,782,Cyber Security Essentials 2024,In Progress,
900783,783,Cyber Security Essentials 2024,In Progress,
900784,784,Cyber Security Essentials 2024,In Progress,
900785,785,Cyber Security Essentials 2024,Completed,2025-04-15
900786,786,Cyber Security Essentials 2024,In Progress,
900787,787,Cyber Security Essentials 2024,In Progress,
900788,788,Cyber Security Essentials 2024,Completed,2025-08-28
900789,789,Cyber Security Essentials 2024,Overdue,
900790,790,Cyber Security Essentials 2024,In Progress,
900791,791,Cyber Security Essentials 2024,Overdue,
900792,792,Cyber Security Essentials 2024,Completed,2025-07-28
900793,793,Cyber Security Essentials 2024,Completed,2025-08-29
900794,794,Cyber Security Essentials 2024,Completed,2025-05-17
900795,795,Cyber Security Essentials 2024,Completed,2025-12-29
900796,796,Cyber Security Essentials 2024,Completed,2025-08-29
900797,797,Cyber Security Essentials 2024,Completed,2026-02-25
900798,798,Cyber Security Essentials 2024,Completed,2026-01-29
900799,799,Cyber Security Essentials 2024,Completed,2026-03-02
900800,800,Cyber Security Essentials 2024,Overdue,
900801,801,Cyber Security Essentials 2024,Completed,2026-02-13
900802,802,Cyber Security Essentials 2024,Completed,2025-05-05
900803,803,Cyber Security Essentials 2024,Completed,2025-08-16
900804,804,Cyber Security Essentials 2024,Completed,2025-12-16
900805,805,Cyber Security Essentials 2024,In Progress,
900806,806,Cyber Security Essentials 2024,Completed,2025-06-11
900807,807,Cyber Security Essentials 2024,Completed,2025-05-13
900808,808,Cyber Security Essentials 2024,Completed,2025-10-10
900809,809,Cyber Security Essentials 2024,Completed,2025-04-17
900810,810,Cyber Security Essentials 2024,Completed,2025-11-17
900811,811,Cyber Security Essentials 2024,Completed,2025-05-21
900812,812,Cyber Security Essentials 2024,Completed,2025-06-04
900813,813,Cyber Security Essentials 2024,Completed,2025-04-05
900814,814,Cyber Security Essentials 2024,Completed,2025-06-07
900815,815,Cyber Security Essentials 2024,Completed,2025-08-10
900816,816,Cyber Security Essentials 2024,Overdue,
900817,817,Cyber Security Essentials 2024,Completed,2025-09-06
900818,818,Cyber Security Essentials 2024,Completed,2025-12-26
900819,819,Cyber Security Essentials 2024,In Progress,
900820,820,Cyber Security Essentials 2024,Completed,2025-10-27
900821,821,Cyber Security Essentials 2024,Overdue,
900822,822,Cyber Security Essentials 2024,Completed,2025-04-08
900823,823,Cyber Security Essentials 2024,Completed,2026-02-09
900824,824,Cyber Security Essentials 2024,Overdue,
900825,825,Cyber Security Essentials 2024,Overdue,
900826,826,Cyber Security Essentials 2024,Completed,2026-03-21
900827,827,Cyber Security Essentials 2024,Completed,2025-09-21
900828,828,Cyber Security Essentials 2024,In Progress,
900829,829,Cyber Security Essentials 2024,In Progress,
900830,830,Cyber Security Essentials 2024,Completed,2025-11-30
900831,831,Cyber Security Essentials 2024,Completed,2025-04-17
900832,832,Cyber Security Essentials 2024,Completed,2025-07-27
900833,833,Cyber Security Essentials 2024,Completed,2025-05-24
900834,834,Cyber Security Essentials 2024,Completed,2025-05-28
900835,835,Cyber Security Essentials 2024,Completed,2025-12-13
900836,836,Cyber Security Essentials 2024,Completed,2025-10-28
900837,837,Cyber Security Essentials 2024,Completed,2026-02-25
900838,838,Cyber Security Essentials 2024,In Progress,
900839,839,Cyber Security Essentials 2024,Completed,2025-04-27
900840,840,Cyber Security Essentials 2024,Completed,2026-03-25
900841,841,Cyber Security Essentials 2024,Completed,2025-08-05
900842,842,Cyber Security Essentials 2024,Completed,2025-04-20
900843,843,Cyber Security Essentials 2024,In Progress,
900844,844,Cyber Security Essentials 2024,Completed,2025-10-14
900845,845,Cyber Security Essentials 2024,Completed,2025-10-30
900846,846,Cyber Security Essentials 2024,In Progress,
900847,847,Cyber Security Essentials 2024,Overdue,
900848,848,Cyber Security Essentials 2024,Overdue,
900849,849,Cyber Security Essentials 2024,Completed,2025-06-27
900850,850,Cyber Security Essentials 2024,Overdue,
900851,851,Cyber Security Essentials 2024,Overdue,
900852,852,Cyber Security Essentials 2024,Completed,2025-11-21
900853,853,Cyber Security Essentials 2024,Completed,2025-06-11
900854,854,Cyber Security Essentials 2024,Completed,2025-04-07
900855,855,Cyber Security Essentials 2024,Completed,2026-01-27
900856,856,Cyber Security Essentials 2024,Completed,2025-06-05
900857,857,Cyber Security Essentials 2024,Completed,2025-10-04
900858,858,Cyber Security Essentials 2024,Completed,2025-04-03
900859,859,Cyber Security Essentials 2024,In Progress,
900860,860,Cyber Security Essentials 2024,Completed,2025-06-04
900861,861,Cyber Security Essentials 2024,Completed,2025-09-10
900862,862,Cyber Security Essentials 2024,Completed,2026-03-19
900863,863,Cyber Security Essentials 2024,Completed,2025-09-15
900864,864,Cyber Security Essentials 2024,Overdue,
900865,865,Cyber Security Essentials 2024,Completed,2025-10-02
900866,866,Cyber Security Essentials 2024,Completed,2025-11-18
900867,867,Cyber Security Essentials 2024,Completed,2026-03-08
900868,868,Cyber Security Essentials 2024,Completed,2025-09-14
900869,869,Cyber Security Essentials 2024,Completed,2025-11-28
900870,870,Cyber Security Essentials 2024,Completed,2025-07-15
900871,871,Cyber Security Essentials 2024,Completed,2025-12-05
900872,872,Cyber Security Essentials 2024,Completed,2026-01-11
900873,873,Cyber Security Essentials 2024,Completed,2025-10-01
900874,874,Cyber Security Essentials 2024,In Progress,
900875,875,Cyber Security Essentials 2024,Completed,2026-01-23
900876,876,Cyber Security Essentials 2024,Completed,2026-02-23
900877,877,Cyber Security Essentials 2024,Overdue,
900878,878,Cyber Security Essentials 2024,Completed,2025-06-14
900879,879,Cyber Security Essentials 2024,Completed,2025-07-15
900880,880,Cyber Security Essentials 2024,Completed,2026-03-24
900881,881,Cyber Security Essentials 2024,Completed,2026-02-06
900882,882,Cyber Security Essentials 2024,Completed,2026-02-20
900883,883,Cyber Security Essentials 2024,Completed,2025-11-23
900884,884,Cyber Security Essentials 2024,Completed,2025-04-03
900885,885,Cyber Security Essentials 2024,Completed,2026-02-22
900886,886,Cyber Security Essentials 2024,Completed,2025-04-20
900887,887,Cyber Security Essentials 2024,Completed,2025-05-20
900888,888,Cyber Security Essentials 2024,Completed,2025-04-05
900889,889,Cyber Security Essentials 2024,Overdue,
900890,890,Cyber Security Essentials 2024,Completed,2025-08-30
900891,891,Cyber Security Essentials 2024,Completed,2025-10-29
900892,892,Cyber Security Essentials 2024,Completed,2025-10-28
900893,893,Cyber Security Essentials 2024,Completed,2025-09-09
900894,894,Cyber Security Essentials 2024,Completed,2025-06-23
900895,895,Cyber Security Essentials 2024,Completed,2025-06-13
900896,896,Cyber Security Essentials 2024,Completed,2026-02-15
900897,897,Cyber Security Essentials 2024,Completed,2026-02-10
900898,898,Cyber Security Essentials 2024,Completed,2025-05-09
900899,899,Cyber Security Essentials 2024,Overdue,
900900,900,Cyber Security Essentials 2024,Completed,2026-01-26
900901,901,Cyber Security Essentials 2024,Completed,2026-03-25
900902,902,Cyber Security Essentials 2024,In Progress,
900903,903,Cyber Security Essentials 2024,Completed,2025-11-19
900904,904,Cyber Security Essentials 2024,Completed,2025-07-28
900905,905,Cyber Security Essentials 2024,Overdue,
900906,906,Cyber Security Essentials 2024,Completed,2025-06-20
900907,907,Cyber Security Essentials 2024,Completed,2025-05-21
900908,908,Cyber Security Essentials 2024,Overdue,
900909,909,Cyber Security Essentials 2024,In Progress,
900910,910,Cyber Security Essentials 2024,Overdue,
900911,911,Cyber Security Essentials 2024,Completed,2025-05-25
900912,912,Cyber Security Essentials 2024,In Progress,
900913,913,Cyber Security Essentials 2024,Completed,2025-07-24
900914,914,Cyber Security Essentials 2024,Completed,2025-10-09
900915,915,Cyber Security Essentials 2024,Completed,2025-10-25
900916,916,Cyber Security Essentials 2024,In Progress,
900917,917,Cyber Security Essentials 2024,Completed,2025-12-14
900918,918,Cyber Security Essentials 2024,Overdue,
900919,919,Cyber Security Essentials 2024,Completed,2025-07-06
900920,920,Cyber Security Essentials 2024,In Progress,
900921,921,Cyber Security Essentials 2024,Completed,2025-09-06
900922,922,Cyber Security Essentials 2024,In Progress,
900923,923,Cyber Security Essentials 2024,Overdue,
900924,924,Cyber Security Essentials 2024,In Progress,
900925,925,Cyber Security Essentials 2024,Completed,2025-04-19
900926,926,Cyber Security Essentials 2024,Completed,2025-08-20
900927,927,Cyber Security Essentials 2024,In Progress,
900928,928,Cyber Security Essentials 2024,Completed,2025-08-21
900929,929,Cyber Security Essentials 2024,In Progress,
900930,930,Cyber Security Essentials 2024,Completed,2025-06-29
900931,931,Cyber Security Essentials 2024,Completed,2025-10-07
900932,932,Cyber Security Essentials 2024,Completed,2025-12-24
900933,933,Cyber Security Essentials 2024,Completed,2026-01-22
900934,934,Cyber Security Essentials 2024,Completed,2025-11-24
900935,935,Cyber Security Essentials 2024,Completed,2025-06-17
900936,936,Cyber Security Essentials 2024,Completed,2026-02-22
900937,937,Cyber Security Essentials 2024,Completed,2026-01-18
900938,938,Cyber Security Essentials 2024,Completed,2025-11-21
900939,939,Cyber Security Essentials 2024,Completed,2025-04-06
900940,940,Cyber Security Essentials 2024,Completed,2026-02-24
900941,941,Cyber Security Essentials 2024,Completed,2025-07-10
900942,942,Cyber Security Essentials 2024,Completed,2026-03-08
900943,943,Cyber Security Essentials 2024,Completed,2025-04-28
900944,944,Cyber Security Essentials 2024,Completed,2025-05-03
900945,945,Cyber Security Essentials 2024,Completed,2025-05-11
900946,946,Cyber Security Essentials 2024,Completed,2026-03-12
900947,947,Cyber Security Essentials 2024,Completed,2025-03-29
900948,948,Cyber Security Essentials 2024,Completed,2025-04-01
900949,949,Cyber Security Essentials 2024,Completed,2025-11-19
900950,950,Cyber Security Essentials 2024,Completed,2025-04-30
900951,951,Cyber Security Essentials 2024,Completed,2025-11-18
900952,952,Cyber Security Essentials 2024,Completed,2026-02-21
900953,953,Cyber Security Essentials 2024,In Progress,
900954,954,Cyber Security Essentials 2024,Overdue,
900955,955,Cyber Security Essentials 2024,Completed,2025-04-18
900956,956,Cyber Security Essentials 2024,Completed,2025-08-06
900957,957,Cyber Security Essentials 2024,In Progress,
900958,958,Cyber Security Essentials 2024,Completed,2025-08-12
900959,959,Cyber Security Essentials 2024,Completed,2026-03-22
900960,960,Cyber Security Essentials 2024,Completed,2025-05-20
900961,961,Cyber Security Essentials 2024,Completed,2025-05-18
900962,962,Cyber Security Essentials 2024,Completed,2025-06-28
900963,963,Cyber Security Essentials 2024,Completed,2025-08-15
900964,964,Cyber Security Essentials 2024,Completed,2025-11-27
900965,965,Cyber Security Essentials 2024,Completed,2025-10-28
900966,966,Cyber Security Essentials 2024,Completed,2025-05-19
900967,967,Cyber Security Essentials 2024,Completed,2025-07-30
900968,968,Cyber Security Essentials 2024,Completed,2025-08-04
900969,969,Cyber Security Essentials 2024,Completed,2025-05-22
900970,970,Cyber Security Essentials 2024,Completed,2025-07-31
900971,971,Cyber Security Essentials 2024,Completed,2025-05-08
900972,972,Cyber Security Essentials 2024,Completed,2025-10-23
900973,973,Cyber Security Essentials 2024,Completed,2025-07-18
900974,974,Cyber Security Essentials 2024,Overdue,
900975,975,Cyber Security Essentials 2024,Completed,2025-11-28
900976,976,Cyber Security Essentials 2024,In Progress,
900977,977,Cyber Security Essentials 2024,Completed,2026-03-09
900978,978,Cyber Security Essentials 2024,Completed,2025-04-03
900979,979,Cyber Security Essentials 2024,Completed,2025-09-19
900980,980,Cyber Security Essentials 2024,Completed,2025-04-04
900981,981,Cyber Security Essentials 2024,Completed,2025-07-10
900982,982,Cyber Security Essentials 2024,Completed,2025-03-31
900983,983,Cyber Security Essentials 2024,Overdue,
900984,984,Cyber Security Essentials 2024,Overdue,
900985,985,Cyber Security Essentials 2024,Completed,2026-02-07
900986,986,Cyber Security Essentials 2024,Overdue,
900987,987,Cyber Security Essentials 2024,Completed,2025-07-21
900988,988,Cyber Security Essentials 2024,Completed,2025-07-24
900989,989,Cyber Security Essentials 2024,Completed,2026-03-09
900990,990,Cyber Security Essentials 2024,Completed,2025-11-19
900991,991,Cyber Security Essentials 2024,Completed,2025-10-27
900992,992,Cyber Security Essentials 2024,Completed,2026-02-18
900993,993,Cyber Security Essentials 2024,Completed,2026-02-02
900994,994,Cyber Security Essentials 2024,Completed,2025-09-06
900995,995,Cyber Security Essentials 2024,Completed,2026-01-27
900996,996,Cyber Security Essentials 2024,In Progress,
900997,997,Cyber Security Essentials 2024,Overdue,
900998,998,Cyber Security Essentials 2024,Completed,2025-09-30
900999,999,Cyber Security Essentials 2024,Completed,2025-10-29
901000,1000,Cyber Security Essentials 2024,Completed,2026-01-15
